,Vader_Negative_Score,Vader_Negative_Score,Vader_Negative_Score,Vader_Negative_Score,Vader_Negative_Score
,min,max,mean,median,std
Class_name,,,,,
mole_mole_(animal),0.0,0.391,0.050439189189189174,0.0,0.08101022244652037
mole_mole_(architecture),0.0,0.349,0.03637254901960784,0.0,0.07497838642817374
mole_mole_(espionage),0.0,0.42,0.08105000000000001,0.07,0.09032312210367079
mole_mole_(unit),0.0,0.235,0.015175925925925926,0.0,0.037726221997934704
mole_mole_sauce,0.0,0.15,0.007188679245283019,0.0,0.03026870470899808
