,Vader_Neutral_Score,Vader_Neutral_Score,Vader_Neutral_Score,Vader_Neutral_Score,Vader_Neutral_Score
,min,max,mean,median,std
Class_name,,,,,
mole_mole_(animal),0.56,1.0,0.9020743243243246,0.92,0.10528865998439275
mole_mole_(architecture),0.606,1.0,0.9271176470588234,0.95,0.09265735741080112
mole_mole_(espionage),0.455,1.0,0.8612416666666667,0.864,0.11289699297328058
mole_mole_(unit),0.684,1.0,0.929342592592593,0.9410000000000001,0.07665813928376615
mole_mole_sauce,0.765,1.0,0.9609811320754718,1.0,0.061896778394491876
